Workbook

Sheet 廠商一覽表
J1: 針對帳蓬廠商擬收集資訊
A2: 品項 | B2: 項次 | C2: 單位 | D2: 報價 | E2: 辦理人 | F2: 行政協助 | G2: 備忘進度 (提供/回寄/ 用印/完成) | H2: 當日連絡窗口 | I2: 檔案提供 | J2: 單位介紹是否提供 (當日DM介紹現場攤位用) (200字為限) | K2: 識別證張數 | L2: 停車證張數. | M2: 桌子 張數 | N2: 椅子 張數 | O2: 圍網 張數 | P2: 圍布 張數 | Q2: 電源數 | R2: 備註/ 路權保證金模式 | T2: 入帳日 | U2: 入帳 | V2: 收據抬頭 | W2: 徵信錄名稱
A3: 攤位帳篷 | B3: 1 | C3: Par.T | D3: 100000 | E3: 玉甄&宏展 | F3: 瑄育 | G3: 提供 | I3: 已放入資料夾 | J3: 已貼進一覽表 | K3: 10 | L3: 1 | M3: 3 | N3: 2 | O3: 1 | P3: 2 | Q3: 1 | T3: 43002 | U3: 100000
B4: 2 | C4: 國際人權特赦組織(AI) | D4: 20000 | E4: Ruby | F4: 瑄育 | G4: 完成 | I4: 已放入資料夾 | J4: 已貼進一覽表 | K4: 4 | L4: 0 | M4: 2 | N4: 6 | O4: 1 | P4: 2 | Q4: 1 | S4: P2-21 | T4: 42993 | U4: =20000-30 -> 19970
B5: 3 | C5: 雲豹科技 | D5: 100000 | E5: 苡昇 | F5: ㄍㄐ | G5: 提供 | I5: 已放入資料夾 | J5: 已貼進一覽表 | K5: 10 | L5: 0 | M5: 2 | N5: 4 | O5: 1 | P5: 2 | Q5: 1 | T5: 43033 | U5: =100000-10 -> 99990
B6: 4 | C6: 達博企業社(大龜) | D6: 100000 | E6: Ruby | F6: 紹文 | G6: 完成 | I6: 已放入資料夾 | J6: 已貼進一覽表 | K6: 5 | L6: 1 | M6: 2 | N6: 4 | O6: 1 | P6: 2 | Q6: 1 | U6: 100000
B7: 5 | C7: 觸控科技 | D7: 100000 | E7: Albert | F7: 小盛 | G7: 未取得 | I7: 已放入資料夾 | J7: 已貼進一覽表 | K7: 10 | L7: 0 | M7: 1 | N7: 4 | O7: 1 | P7: 2 | Q7: 1
B8: 6 | C8: 同志咨詢熱線 | D8: 5000 | E8: Ruby | G8: 提供 | I8: 已放入資料夾 | J8: 已貼進一覽表 | K8: 5 | L8: 1 | M8: 1 | N8: 5 | O8: 1 | P8: 2 | Q8: 1 | U8: 25000
B9: 7 | C9: GaGaoLaLa | D9: 20000 | E9: Albert | G9: 完成 | I9: 已放入資料夾 | J9: 已貼進一覽表 | K9: 5 | L9: 0 | M9: 2 | N9: 4 | O9: 1 | P9: 2 | Q9: 1 | U9: 20000
B10: 8 | C10: UBer | D10: 100000 | E10: Albert | G10: 完成 | I10: 已放入資料夾 | J10: 已貼進一覽表 | K10: 10 | L10: 0 | M10: 1 | N10: 2 | O10: 1 | P10: 2 | Q10: 1 | S10: P3-21 | T10: 43032 | U10: 100000
K11: =SUM(K3:K10) -> 59 | L11: =SUM(L3:L10) -> 3 | M11: =SUM(M3:M10) -> 14 | N11: =SUM(N3:N10) -> 31 | O11: =SUM(O3:O10) -> 8 | P11: =SUM(P3:P10) -> 16 | Q11: =SUM(Q3:Q10) -> 8
A12: 遊行花車(B車) 商業車路權 | B12: 紅 | C12: Destination,Beijing | D12: 80000 | E12: Ruby | G12: 完成 | H12: 小竹 | I12: ----------- | J12: ----------- | K12: ----------- | L12: ----------- | M12: ----------- | N12: ----------- | O12: ----------- | P12: ----------- | Q12: ----------- | R12: 現金
B13: 橙 | C13: Hornet | D13: 60000 | E13: Ruby | G13: 提供 | H13: 小竹 | I13: ----------- | J13: ----------- | K13: ----------- | L13: ----------- | M13: ----------- | N13: ----------- | O13: ----------- | P13: ----------- | Q13: ----------- | R13: 現金 | S13: P3-12 | T13: 43021 | U13: 60000
B14: 黑 | C14: Tokyo RainBow Pride | D14: 47000 | E14: Albert | G14: 無 | H14: 小竹 | I14: ----------- | J14: ----------- | K14: ----------- | L14: ----------- | M14: ----------- | N14: ----------- | O14: ----------- | P14: ----------- | Q14: ----------- | R14: ---
B15: 綠 | C15: Blue | D15: 80000 | E15: Ruby | G15: 用印/回寄 | H15: 大霆/野獸 | I15: ----------- | J15: ----------- | K15: ----------- | L15: ----------- | M15: ----------- | N15: ----------- | O15: ----------- | P15: ----------- | Q15: ----------- | R15: 支票 | S15: p3-19 | T15: 43028 | U15: 80000
B16: 藍 | C16: GAP | D16: 60000 | E16: Ruby | G16: 提供 | H16: 大霆/野獸 | I16: ----------- | J16: ----------- | K16: ----------- | L16: ----------- | M16: ----------- | N16: ----------- | O16: ----------- | P16: ----------- | Q16: ----------- | R16: 現金 | T16: 43020 | U16: 60000
B17: 白 | C17: Sunpride Foundation 驕陽基金會 | D17: 60000 | E17: Albert | G17: 提供 | H17: 大霆/野獸 | I17: ----------- | J17: ----------- | K17: ----------- | L17: ----------- | M17: ----------- | N17: ----------- | O17: ----------- | P17: ----------- | Q17: ----------- | R17: 支票 | U17: 60000
B18: 粉 | C18: 拉拉公園 | D18: 80000 | E18: 玉甄 & 宏展 | G18: 提供 | H18: 苡昇Eason | I18: ----------- | J18: ----------- | K18: ----------- | L18: ----------- | M18: ----------- | N18: ----------- | O18: ----------- | P18: ----------- | Q18: ----------- | R18: 現金 | S18: P3-15 | T18: 43024 | U18: 80000
B19: 黃 | C19: 艾緦整合行銷 | D19: 60000 | E19: Ruby | G19: 完成 | H19: 苡昇Eason | I19: ----------- | J19: ----------- | K19: ----------- | L19: ----------- | M19: ----------- | N19: ----------- | O19: ----------- | P19: ----------- | Q19: ----------- | R19: 現金 | S19: P2-17-18 | T19: 42986 | U19: 60000
B20: 紫 | C20: 彩虹酷兒健康文化中心 | D20: 60000 | E20: Albert | G20: 完成 | H20: 苡昇Eason | L20: ----------- | M20: ----------- | N20: ----------- | O20: ----------- | P20: ----------- | Q20: ----------- | R20: 現金 | S20: P1-22、P2-07 | T20: 42899 | U20: 60000
A21: 大隊車(A車) | B21: 綠 | C21: 婚姻大平台 | D21: 20000 | E21: Ruby | G21: 完成 | R21: --- | S21: P3-16 | T21: 43025 | U21: 20000
B22: 粉紅 | C22: 同志咨詢熱線 | D22: 20000 | E22: Ruby | G22: 提供 | R22: ---
A23: 鷹架旁看板廣告 | B23: 單位一 | C23: ESHA | D23: 55000 | E23: Ruby | F23: ㄍㄐ | G23: 完成 | L23: ----------- | M23: ----------- | N23: ----------- | O23: ----------- | P23: ----------- | Q23: ----------- | S23: P3-01 | T23: 43007 | U23: 55000
A24: 瓶裝水 (60 箱 ， 24 瓶 / 箱 ) | B24: 單位一 | C24: 觸控科技 | D24: 30000 | E24: Albert | F24: 小盛 | G24: 未取得
B25: 單位二 | C25: 觸控科技 | D25: 30000 | E25: Albert | F25: 小盛 | G25: 未取得
A26: 主舞台前緣看板 | B26: 內外合併 | C26: 觸控科技 | D26: 85000 | E26: Albert | F26: 小盛 | G26: 未取得
A27: 現場輪撥影片 (30s/10000) | B27: 單位一 | C27: 觸控科技 | D27: 10000 | E27: Albert | F27: 小盛 | G27: 未取得
B28: 單位二 | C28: 觸控科技 | D28: 10000 | E28: Albert | F28: 小盛 | G28: 未取得
A29: 遊行當天DM贊助 | B29: A | C29: 觸控科技 | D29: 50000 | E29: Albert | F29: 小盛 | G29: 未取得 | L29: ----------- | M29: ----------- | N29: ----------- | Q29: ----------- | U29: 30000
A30: 無柄圓扇 | B30: i | C30: 辻利茶舖 | D30: 40000 | E30: 苡昇Eason | F30: 紹文 | G30: 完成 | I30: 已提供 | S30: P-17 | T30: 43027 | U30: 40000
A31: 官網banner | B31: I | C31: Destination,Beijing | D31: 30000 | E31: Ruby | G31: 完成
B32: II | C32: 觸控科技 | E32: Albert | F32: 小盛 | G32: 未取得
A33: Total | D33: =SUM(D3:D32) -> 1512000
C35: sumDestination | D35: =SUM(D12,D31) -> 110000 | S35: P2-12-14 | T35: 42968 | U35: 110000
C36: sum 觸控 | D36: =SUM(D7,D32,D24:D29) -> 315000
C37: sum 熱線 | D37: =SUM(D22,D8) -> 25000 | L37: ----------- | M37: ----------- | N37: ----------- | O37: ----------- | P37: ----------- | Q37: -----------

Sheet 廠商入帳及收據提供
A1: 項次 | B1: 廠商 | C1: 贊助金額 | D1: 入帳金額 | E1: 手續費 | F1: 入帳日期 | G1: 徵信錄登錄資訊 | H1: 收據抬頭 | I1: 統一編號 | J1: 收據編號 | K1: 收據日期 | L1: 收件人 | M1: 收件地址 | N1: 匯款銀行 | P1: 帳號 | Q1: 戶名
A2: 1 | B2: Par.T | C2: ='廠商一覽表'!D3 -> 100000 | D2: ='廠商一覽表'!U3 -> 100000 | E2: =if(D2<>C2,C2-D2,"--") -> -- | F2: ='廠商一覽表'!T3 -> 43002 | G2: T-STUDIO 緹威國際有限公司 | H2: 緹威國際有限公司 | I2: 54868751 | J2: 170002 | K2: 43039 | L2: 緹威國際有限公司 陳怡君 | M2: 新北市三重區成功路73巷19號
A3: 2 | B3: 國際人權特赦組織(AI) | C3: ='廠商一覽表'!D4 -> 20000 | D3: ='廠商一覽表'!U4 -> 19970 | E3: =if(D3<>C3,C3-D3,"--") -> 30 | F3: ='廠商一覽表'!T4 -> 42993 | G3: 國際特赦組織台灣分會(Amnesty International Taiwan) | H3: 社團法人國際特赦組織台灣分會 | I3: 01033036 | J3: 170003 | K3: 43039 | L3: 黃馨儀 | M3: 10078 台北市中正區和平西路一段30號9樓
A4: 3 | B4: 雪豹科技 | C4: ='廠商一覽表'!D5 -> 100000 | D4: ='廠商一覽表'!U5 -> 99990 | E4: =if(D4<>C4,C4-D4,"--") -> 10 | F4: ='廠商一覽表'!T5 -> 43033 | G4: 雪豹科技 | H4: 台灣雪豹科技有限公司 | I4: 54682636 | J4: 170004 | K4: 43039 | L4: 王子豪 | M4: 110 台北市信義區信義路五段7號83樓
A5: 5 | B5: 同志咨詢熱線 | C5: ='廠商一覽表'!D37 -> 25000 | D5: =25000 -> 25000 | E5: =if(D5<>C5,C5-D5,"--") -> -- | F5: ='廠商一覽表'!T37 | J5: --
A6: 4 | B6: 達博企業社(大龜) | C6: ='廠商一覽表'!D6 -> 100000 | D6: ='廠商一覽表'!U6 -> 100000 | E6: =if(D6<>C6,C6-D6,"--") -> -- | F6: ='廠商一覽表'!T6 | J6: **
A7: 6 | B7: GaGaoLaLa | C7: ='廠商一覽表'!D9 -> 20000 | D7: ='廠商一覽表'!U9 -> 20000 | E7: =if(D7<>C7,C7-D7,"--") -> -- | F7: ='廠商一覽表'!T9 | J7: --
A8: 7 | B8: UBer | C8: ='廠商一覽表'!D10 -> 100000 | D8: ='廠商一覽表'!U10 -> 100000 | E8: =if(D8<>C8,C8-D8,"--") -> -- | F8: ='廠商一覽表'!T10 -> 43032 | G8: 2017同志大遊行 Uber 平權贊助計畫 | H8: 威武創策有限公司 | I8: 43944578 | J8: 170005 | K8: 43039 | L8: 李佳穎 0936673086 | M8: 105 台北市松山區復興北路367號8樓
A9: 8 | B9: Destination,Beijing | C9: ='廠商一覽表'!D35 -> 110000 | D9: ='廠商一覽表'!U35 -> 110000 | E9: =if(D9<>C9,C9-D9,"--") -> -- | F9: ='廠商一覽表'!T35 -> 42968 | G9: 北京 DESTINATION CLUB | H9: 艾緦整合行銷有限公司 | I9: 29145487 | J9: 併同第16筆 | K9: 43039 | L9: 魏馳倫 | M9: 10597 台北市松山區南京東路五段50號3樓-3 | N9: 同第16項資料 | R9: 43041
A10: 9 | B10: Hornet | C10: ='廠商一覽表'!D13 -> 60000 | D10: ='廠商一覽表'!U13 -> 60000 | E10: =if(D10<>C10,C10-D10,"--") -> -- | F10: ='廠商一覽表'!T13 -> 43021 | G10: Hornet Taiwan | H10: Hornet Networks Ltd | J10: ** | N10: 等回覆
A11: 10 | B11: Tokyo RainBow Pride | C11: ='廠商一覽表'!D14 -> 47000 | D11: ='廠商一覽表'!U14 | E11: =if(D11<>C11,C11-D11,"--") -> 47000 | F11: ='廠商一覽表'!T14 | J11: -- | N11: ---- | R11: ----
A12: 11 | B12: Blue | C12: ='廠商一覽表'!D15 -> 80000 | D12: ='廠商一覽表'!U15 -> 80000 | E12: =if(D12<>C12,C12-D12,"--") -> -- | F12: ='廠商一覽表'!T15 -> 43028 | G12: 旬豐國際有限公司 | H12: 旬豐國際有限公司 | I12: 53424843 | J12: 170006 | K12: 43039 | L12: 黃柏皓 | M12: 106 台北市大安區臥龍街306號3樓 | N12: 支票 | R12: 43042
A13: 12 | B13: GAP | C13: ='廠商一覽表'!D16 -> 60000 | D13: ='廠商一覽表'!U16 -> 60000 | E13: =if(D13<>C13,C13-D13,"--") -> -- | F13: ='廠商一覽表'!T16 -> 43020 | G13: GAP | H13: 台灣蓋璞有限公司 | I13: 54363555 | J13: 170007 | K13: 43039 | L13: Suki Zhou 0901165565 | M13: 11051台北市信義區松壽路12號ATT4Fun-GAP B1層 | N13: 中國信託(822) | P13: 901-54045207-1 | Q13: 袁志光 | R13: 43040
A14: 13 | B14: Sunpride Foundation 驕陽基金會 | C14: ='廠商一覽表'!D17 -> 60000 | D14: ='廠商一覽表'!U17 -> 60000 | E14: =if(D14<>C14,C14-D14,"--") -> -- | F14: ='廠商一覽表'!T17 | G14: 驕陽基金會 | H14: 驕陽基金會 | J14: 170008 | K14: 43039 | L14: 陳柏竹先生 SUNPRIDE FOUNDATION | M14: 106 台北市大安區敦化南路一段235號16F B, 元大柏 | N14: 支票 | R14: 43042
A15: 14 | B15: 拉拉公園 | C15: ='廠商一覽表'!D18 -> 80000 | D15: ='廠商一覽表'!U18 -> 80000 | E15: =if(D15<>C15,C15-D15,"--") -> -- | F15: ='廠商一覽表'!T19 -> 42986 | G15: LesPark拉拉公園 | H15: 北京高梓行遠科技有限公司 | J15: ** | L15: 李宜庭 | M15: 114 台北市內湖區洲子街12號3樓 | N15: 中國信託(822) | O15: 員林分行 | P15: 325-54040222-5 | Q15: 李宜庭
A16: 15 | B16: 艾緦整合行銷 | C16: ='廠商一覽表'!D19 -> 60000 | D16: ='廠商一覽表'!U19 -> 60000 | E16: =if(D16<>C16,C16-D16,"--") -> -- | F16: ='廠商一覽表'!T20 -> 42899 | G16: 艾緦整合行銷有限公司 | H16: 艾緦整合行銷有限公司 | I16: 29145487 | J16: 170014 | K16: 43039 | L16: 魏馳倫 | M16: 10597 台北市松山區南京東路五段50號3樓-3 | N16: 兆豐國際商業銀行(017) | O16: 圓山分行 | P16: 23409008606 | Q16: 艾緦整合行銷有限公司 | R16: 43041
A17: 16 | B17: 彩虹酷兒健康文化中心 | C17: ='廠商一覽表'!D20 -> 60000 | D17: ='廠商一覽表'!U20 -> 60000 | E17: =if(D17<>C17,C17-D17,"--") -> -- | F17: ='廠商一覽表'!T21 -> 43025 | G17: 台灣預防醫學學會 | H17: 台灣預防醫學學會 | I17: 00956047 | J17: 170009 | K17: 43039 | L17: 台灣預防醫學學會 | M17: 100 台北市中正區羅斯福路二段70號9樓之4 | N17: 華南商業銀行 | O17: 士林分行 | P17: 123-10-007697-5 | Q17: 台灣預防醫學學會 | R17: 43042
A18: 17 | B18: 婚姻大平台 | C18: ='廠商一覽表'!D21 -> 20000 | D18: ='廠商一覽表'!U21 -> 20000 | E18: =if(D18<>C18,C18-D18,"--") -> -- | F18: ='廠商一覽表'!T21 -> 43025 | G18: 婚姻平權大平台 | H18: 社團法人台灣同志家庭權益促進會 | I18: 26331510 | J18: 170010 | K18: 43039 | L18: 社團法人台灣同志家庭權益促進會 | M18: 100 台北市中正區新生南路一段60巷6號1樓 | N18: ----
A19: 18 | B19: ESHA | C19: ='廠商一覽表'!D23 -> 55000 | D19: ='廠商一覽表'!U23 -> 55000 | E19: =if(D19<>C19,C19-D19,"--") -> -- | F19: ='廠商一覽表'!T23 -> 43007 | G19: Esha 束胸 | H19: 凱立達國際開發事業有限公司 | I19: 25120137 | J19: 170011 | K19: 43039 | L19: 陳詩茜 | M19: 110 台北市信義區光復南路451-1號2樓
A20: 19 | B20: 觸控科技 | C20: ='廠商一覽表'!D36 -> 315000 | D20: ='廠商一覽表'!U36 | E20: =if(D20<>C20,C20-D20,"--") -> 315000 | F20: ='廠商一覽表'!T37
A21: 20 | B21: 辻利茶舖 | C21: ='廠商一覽表'!D30 -> 40000 | D21: ='廠商一覽表'!U30 -> 40000 | E21: =if(D21<>C21,C21-D21,"--") -> -- | F21: ='廠商一覽表'!T30 -> 43027 | G21: 辻利茶舗 | H21: 高平志摩股份有限公司 | I21: 25103117 | J21: 170012 | K21: 43039 | L21: 萬姿妤 | M21: 110 台北市信義區基隆路一段155號12樓之6 1221室
C22: =SUM(C2:C21) -> 1512000 | D22: =SUM(D2:D21) -> 1149960 | E22: =SUM(E2:E21) -> 362040
A25: 義賣轉 | B25: 花旗商銀 | C25: 7500 | D25: 7500 | G25: 花旗（台灣）商業銀行股份有限公司 | H25: 花旗（台灣）商業銀行股份有限公司 | I25: 28421312 | J25: 170013 | K25: 43039 | L25: 劉品君 Peter | M25: 台北市中山區德惠街9號7樓

Sheet 觸控科技一覽表
A1: 贊 助 品 項 | B1: 規 格 | C1: 單位售價 | D1: 數量 | E1: 檔案規格 | F1: 檔案提供日期
A2: 遊行聯盟官方網站 (twpride.org)
A3: 固定商標露出 | B3: 在官網顯示固定商標( 可連結網頁) | C3: $20,000/格 | D3: 1 | E3: 300 x 200 px | F3: 於備忘確認且入帳後即可掛入官網
A4: 遊行活動當天
A5: 當日活動DM | B5: 12cmx21cm折頁文宣側面 | C5: 50,000/格 | D5: 1 | E5: 120 x 210mm | F5: 43028
A6: 瓶裝水 | B6: 瓶裝水，外包裝尺寸 | C6: $30,000 / 60箱 | D6: 2 | E6: 188 x 42 mm | F6: 43019
A7: 遊行現場攤位 | B7: 3m×3m 帳篷，協助製作單位懸掛布條 | C7: $100,000 / 頂 | D7: 1 | E7: 3000 x 450 mm | F7: 43026
A8: 遊行主舞台車下方看板廣告 | B8: 內外合併( 共 4 單位)，單一面為180cm 寬 x 130cm 高，合併後為左右各一大面。 | C8: 85,000 /4面合併 | D8: 1 | E8: 3600 x 1300 mm | F8: 43026
A9: 現場輪播影片 | B9: 在群眾集結時與遊行隊伍出發後播放，總影片輪播長度約為20min | C9: 10,000/30s | D9: 2 | E9: HD 720p，MPG檔 | F9: 43031
